{
	"info": {
		"_postman_id": "2a049b2d-0a04-4ccc-9d9b-ad442fecd669",
		"name": "SpringbootH2Database example",
		"schema": "https://schema.getpostman.com/json/collection/v2.1.0/collection.json"
	},
	"item": [
		{
			"name": "Create",
			"event": [
				{
					"listen": "prerequest",
					"script": {
						"id": "bd4ca03d-a057-4769-892e-cab31ce43c38",
						"exec": [
							"// Random age.\r",
							"pm.environment.set(\"age\", _.random(1, 10));\r",
							"// Random email address.\r",
							"pm.environment.set(\"email\", _.random(1, 99) + \"@myDomain.com\");"
						],
						"type": "text/javascript"
					}
				}
			],
			"request": {
				"method": "POST",
				"header": [],
				"body": {
					"mode": "raw",
					"raw": "{\r\n  \"name\": \"Test-{{$timestamp}}\",\r\n  \"age\": {{age}},\r\n  \"emailAddress\": \"{{email}}\"\r\n}",
					"options": {
						"raw": {
							"language": "json"
						}
					}
				},
				"url": {
					"raw": "http://localhost:10090/student/save",
					"protocol": "http",
					"host": [
						"localhost"
					],
					"port": "10090",
					"path": [
						"student",
						"save"
					]
				},
				"description": "Save student details in the h2 database."
			},
			"response": []
		},
		{
			"name": "Get",
			"event": [
				{
					"listen": "prerequest",
					"script": {
						"id": "bd4ca03d-a057-4769-892e-cab31ce43c38",
						"exec": [
							""
						],
						"type": "text/javascript"
					}
				}
			],
			"protocolProfileBehavior": {
				"disableBodyPruning": true
			},
			"request": {
				"method": "GET",
				"header": [
					{
						"key": "Accept",
						"value": "application/vnd.jcg.api.v1+json",
						"type": "text"
					}
				],
				"body": {
					"mode": "raw",
					"raw": "",
					"options": {
						"raw": {
							"language": "json"
						}
					}
				},
				"url": {
					"raw": "http://localhost:10090/student/getall",
					"protocol": "http",
					"host": [
						"localhost"
					],
					"port": "10090",
					"path": [
						"student",
						"getall"
					]
				},
				"description": "Get all students from the h2 database."
			},
			"response": []
		}
	],
	"protocolProfileBehavior": {}
}